               epoch,      train/box_loss,      train/obj_loss,      train/cls_loss,   metrics/precision,      metrics/recall,     metrics/mAP_0.5,metrics/mAP_0.5:0.95,        val/box_loss,        val/obj_loss,        val/cls_loss,               x/lr0,               x/lr1,               x/lr2
                   0,            0.036097,            0.022056,            0.070586,             0.51278,             0.21443,             0.17077,              0.1172,            0.023254,             0.00806,            0.068087,               0.001,               0.001,               0.001
                   1,            0.023293,           0.0055778,            0.057913,             0.67471,             0.31008,             0.35387,              0.2264,            0.023767,           0.0071202,            0.052792,               0.001,               0.001,               0.001
                   2,            0.024009,           0.0049019,            0.042636,             0.64204,             0.51815,             0.56726,              0.3775,            0.025594,            0.006954,            0.037617,            0.000997,            0.000997,            0.000997
                   3,             0.02492,            0.004781,            0.029801,              0.7115,             0.62671,             0.66717,             0.43716,            0.027977,           0.0074917,            0.029278,            0.000994,            0.000994,            0.000994
                   4,            0.025657,           0.0049682,            0.021316,             0.66792,             0.66014,             0.66988,             0.44434,            0.028272,            0.008418,            0.026932,            0.000991,            0.000991,            0.000991
                   5,            0.025051,           0.0050804,            0.019869,             0.82277,             0.75513,              0.8177,             0.54936,            0.025263,            0.007317,            0.020108,            0.000988,            0.000988,            0.000988
                   6,             0.02443,            0.004955,            0.015144,             0.80071,             0.74696,             0.80045,             0.54745,            0.024517,            0.007637,            0.020469,            0.000985,            0.000985,            0.000985
                   7,            0.023678,           0.0047642,             0.01315,             0.87383,             0.74997,             0.82987,             0.57005,            0.025295,           0.0076929,            0.016142,            0.000982,            0.000982,            0.000982
                   8,            0.022766,           0.0046862,            0.011126,             0.81864,             0.78085,             0.82823,             0.57439,            0.023759,           0.0076157,            0.017075,            0.000979,            0.000979,            0.000979
                   9,            0.022759,           0.0045916,           0.0092319,             0.90281,             0.82591,              0.8918,             0.63651,            0.022845,           0.0070363,            0.014888,            0.000976,            0.000976,            0.000976
                  10,            0.022081,           0.0045009,           0.0076583,             0.85043,             0.81141,             0.84894,             0.59266,            0.024772,           0.0075577,            0.014597,            0.000973,            0.000973,            0.000973
                  11,            0.021605,           0.0044469,           0.0078579,             0.85817,             0.86644,             0.90543,             0.61607,            0.023768,           0.0070688,            0.010826,             0.00097,             0.00097,             0.00097
                  12,            0.021122,           0.0042704,           0.0063622,             0.85337,               0.861,             0.89516,             0.61838,            0.023448,           0.0072248,            0.012603,            0.000967,            0.000967,            0.000967
                  13,            0.021176,           0.0043695,           0.0055986,             0.87269,             0.79986,             0.86936,             0.60221,            0.024396,           0.0073922,            0.014122,            0.000964,            0.000964,            0.000964
                  14,             0.02084,           0.0043989,           0.0063663,             0.90326,             0.88204,             0.92759,             0.65315,            0.022262,           0.0066161,           0.0085571,            0.000961,            0.000961,            0.000961
                  15,            0.020396,           0.0042036,           0.0052675,             0.90157,             0.91739,             0.94229,             0.67718,            0.022624,           0.0064783,           0.0078945,            0.000958,            0.000958,            0.000958
                  16,            0.020089,           0.0042585,           0.0040345,             0.92246,             0.92996,              0.9562,             0.69701,            0.021035,           0.0062486,           0.0062676,            0.000955,            0.000955,            0.000955
                  17,            0.019756,           0.0040883,           0.0045381,             0.93089,             0.88381,             0.93595,             0.69062,            0.021778,           0.0067101,           0.0082816,            0.000952,            0.000952,            0.000952
                  18,            0.019361,             0.00405,           0.0036322,             0.95813,             0.92182,             0.96224,             0.71322,            0.020602,           0.0063776,           0.0068617,            0.000949,            0.000949,            0.000949
                  19,            0.019197,           0.0038793,           0.0037967,             0.85163,             0.82193,             0.84931,             0.60826,            0.023389,            0.007667,            0.015731,            0.000946,            0.000946,            0.000946
                  20,            0.018869,           0.0038213,           0.0037758,             0.92234,             0.93636,             0.95004,             0.70491,            0.020313,           0.0063893,           0.0062373,            0.000943,            0.000943,            0.000943
                  21,            0.018719,           0.0037726,           0.0030527,             0.92212,             0.91884,              0.9476,             0.70194,            0.020389,           0.0064035,           0.0057261,             0.00094,             0.00094,             0.00094
                  22,            0.018073,           0.0037509,           0.0030208,             0.93705,               0.904,              0.9438,             0.69605,            0.020416,           0.0065256,           0.0065387,            0.000937,            0.000937,            0.000937
                  23,            0.018174,           0.0036815,           0.0026512,             0.95039,             0.94512,             0.96645,             0.71835,            0.020089,           0.0062091,           0.0053171,            0.000934,            0.000934,            0.000934
                  24,            0.017192,           0.0035289,           0.0022312,             0.94549,             0.93199,             0.96135,             0.70685,            0.020233,           0.0065842,           0.0058694,            0.000931,            0.000931,            0.000931
                  25,            0.017032,            0.003516,           0.0022237,             0.96416,             0.93978,             0.96988,             0.73422,            0.019307,           0.0061371,           0.0044344,            0.000928,            0.000928,            0.000928
                  26,            0.016774,           0.0035276,           0.0018544,              0.9615,              0.9285,             0.96362,             0.72999,            0.019161,           0.0060958,           0.0050289,            0.000925,            0.000925,            0.000925
                  27,            0.017149,           0.0034537,           0.0026264,             0.96382,             0.94376,             0.96107,             0.73109,            0.019157,           0.0062375,           0.0047039,            0.000922,            0.000922,            0.000922
                  28,            0.016604,           0.0033967,           0.0025007,             0.95097,             0.94101,             0.96424,             0.72911,            0.019502,           0.0061991,            0.004489,            0.000919,            0.000919,            0.000919
                  29,            0.016407,           0.0033724,           0.0019201,             0.94691,             0.95049,             0.96958,             0.73435,            0.018977,           0.0062449,           0.0052138,            0.000916,            0.000916,            0.000916
                  30,            0.016304,           0.0034245,           0.0018983,             0.95335,              0.9461,             0.96879,             0.73404,            0.018407,           0.0061314,           0.0043477,            0.000913,            0.000913,            0.000913
                  31,            0.015675,           0.0033903,           0.0023319,             0.95959,             0.95244,             0.97001,              0.7427,             0.01857,           0.0060896,           0.0039707,             0.00091,             0.00091,             0.00091
                  32,             0.01569,            0.003364,           0.0018379,             0.93931,             0.91896,             0.96227,             0.72537,            0.019054,           0.0064018,           0.0058424,            0.000907,            0.000907,            0.000907
                  33,              0.0158,           0.0033129,           0.0021185,             0.96522,             0.93292,             0.96495,             0.72811,            0.018838,           0.0062393,           0.0045424,            0.000904,            0.000904,            0.000904
                  34,            0.015317,           0.0032303,           0.0018925,             0.95426,             0.94112,             0.96776,             0.72477,             0.01978,           0.0062862,           0.0043176,            0.000901,            0.000901,            0.000901
                  35,            0.015036,           0.0031307,           0.0017521,             0.94211,             0.94656,             0.96699,             0.74019,            0.018379,           0.0063974,           0.0048174,            0.000898,            0.000898,            0.000898
                  36,            0.014295,           0.0031233,           0.0016556,             0.96595,             0.93257,             0.97037,             0.73701,            0.018706,           0.0062781,            0.004717,            0.000895,            0.000895,            0.000895
                  37,            0.014563,           0.0030907,           0.0017602,             0.94824,             0.94865,             0.97262,             0.73904,            0.018965,           0.0064348,           0.0038218,            0.000892,            0.000892,            0.000892
                  38,            0.014092,           0.0030239,           0.0017582,             0.95544,             0.94241,             0.96721,             0.74339,            0.018635,           0.0064178,           0.0047759,            0.000889,            0.000889,            0.000889
                  39,            0.014511,           0.0031755,           0.0016774,             0.95137,             0.94997,             0.97297,             0.74433,            0.018558,           0.0064532,           0.0041807,            0.000886,            0.000886,            0.000886
                  40,             0.01381,           0.0029745,           0.0015001,             0.95704,             0.95612,             0.97306,             0.74488,            0.018292,           0.0063957,            0.003754,            0.000883,            0.000883,            0.000883
                  41,            0.013454,           0.0030019,           0.0014394,             0.95429,             0.94392,              0.9655,             0.73833,            0.018381,           0.0065197,           0.0044868,             0.00088,             0.00088,             0.00088
                  42,            0.014076,           0.0029434,           0.0015258,             0.94611,             0.94964,             0.96859,             0.74283,            0.018406,            0.006435,            0.004055,            0.000877,            0.000877,            0.000877
                  43,            0.013996,           0.0029912,           0.0015933,              0.9639,             0.94489,             0.97202,             0.74171,            0.018435,           0.0065403,           0.0041929,            0.000874,            0.000874,            0.000874
                  44,            0.013289,           0.0027218,           0.0014347,             0.96239,             0.95704,             0.97876,             0.74642,             0.01833,           0.0065675,           0.0038693,            0.000871,            0.000871,            0.000871
                  45,            0.012909,           0.0027712,           0.0014158,             0.97259,             0.95625,             0.97491,             0.74981,            0.018221,           0.0064251,           0.0033368,            0.000868,            0.000868,            0.000868
                  46,            0.012977,           0.0028649,           0.0014627,             0.94974,             0.96171,             0.97078,             0.74762,            0.018089,           0.0065688,           0.0036625,            0.000865,            0.000865,            0.000865
                  47,            0.012369,           0.0025593,           0.0013453,             0.96269,             0.94563,             0.97528,             0.74289,            0.017966,           0.0065953,           0.0034408,            0.000862,            0.000862,            0.000862
                  48,            0.012228,           0.0026013,            0.001349,              0.9493,             0.96457,             0.97281,             0.74398,            0.018082,           0.0066256,           0.0035095,            0.000859,            0.000859,            0.000859
                  49,            0.012667,           0.0026463,           0.0014509,             0.96017,             0.95661,             0.97667,             0.75296,            0.017801,           0.0066554,           0.0033103,            0.000856,            0.000856,            0.000856
                  50,            0.012438,           0.0027218,           0.0013425,             0.95965,             0.94768,             0.96909,             0.75262,            0.018032,           0.0066813,           0.0034701,            0.000853,            0.000853,            0.000853
                  51,            0.012503,           0.0026383,            0.001384,             0.95774,             0.95134,             0.97161,             0.75006,            0.017948,           0.0067289,           0.0032313,             0.00085,             0.00085,             0.00085
                  52,            0.012055,           0.0025906,           0.0012788,             0.96512,             0.96239,              0.9756,             0.74887,            0.018155,           0.0067024,           0.0032323,            0.000847,            0.000847,            0.000847
                  53,            0.011991,           0.0025825,           0.0013296,              0.9645,             0.96256,             0.97717,             0.75071,            0.017922,           0.0067409,           0.0032065,            0.000844,            0.000844,            0.000844
                  54,            0.012049,           0.0025006,           0.0013328,             0.97367,             0.95296,             0.97061,             0.74751,            0.017961,           0.0068335,            0.003088,            0.000841,            0.000841,            0.000841
                  55,            0.012085,           0.0025787,           0.0013583,              0.9677,             0.95361,             0.97625,             0.75554,            0.018157,           0.0068029,           0.0030211,            0.000838,            0.000838,            0.000838
                  56,            0.011693,           0.0024135,           0.0012735,              0.9628,              0.9555,              0.9773,             0.75498,            0.017768,           0.0069248,           0.0031964,            0.000835,            0.000835,            0.000835
                  57,            0.011593,           0.0023526,           0.0012621,             0.96091,             0.96149,             0.97215,              0.7502,            0.018011,            0.006934,           0.0030382,            0.000832,            0.000832,            0.000832
                  58,            0.011629,            0.002446,           0.0012796,             0.97047,             0.95537,             0.97489,             0.74714,            0.017768,           0.0070334,           0.0029692,            0.000829,            0.000829,            0.000829
                  59,            0.011597,           0.0024869,           0.0012275,             0.96991,             0.95627,             0.97443,              0.7509,            0.017773,            0.007031,           0.0029789,            0.000826,            0.000826,            0.000826
                  60,            0.011422,           0.0024814,            0.001199,             0.96992,             0.95422,              0.9777,             0.75472,            0.017771,           0.0068483,           0.0029595,            0.000823,            0.000823,            0.000823
                  61,            0.011233,           0.0022957,           0.0012142,             0.97207,               0.956,             0.97151,             0.75186,             0.01758,           0.0069249,           0.0028764,             0.00082,             0.00082,             0.00082
                  62,            0.011109,           0.0023475,           0.0012223,             0.97053,             0.95147,             0.97305,             0.75249,            0.017508,           0.0069769,           0.0030336,            0.000817,            0.000817,            0.000817
                  63,            0.010962,           0.0023293,            0.001224,             0.95198,              0.9627,             0.97339,             0.75259,            0.017716,            0.007104,           0.0030102,            0.000814,            0.000814,            0.000814
                  64,            0.010995,            0.002281,           0.0011832,               0.966,             0.96237,             0.97621,             0.75552,            0.017551,           0.0071175,           0.0029524,            0.000811,            0.000811,            0.000811
                  65,            0.010549,           0.0022727,           0.0011779,             0.96499,             0.97213,             0.98231,             0.75757,            0.017563,           0.0070968,           0.0029791,            0.000808,            0.000808,            0.000808
                  66,            0.010637,           0.0023061,            0.001182,             0.95708,             0.96313,              0.9763,             0.75792,            0.017371,           0.0071178,           0.0030899,            0.000805,            0.000805,            0.000805
                  67,            0.010736,           0.0022304,           0.0011674,              0.9612,             0.96483,             0.97149,             0.75357,             0.01752,           0.0071506,           0.0031478,            0.000802,            0.000802,            0.000802
                  68,            0.010474,           0.0022483,           0.0011557,             0.96381,             0.96782,             0.97604,             0.75465,            0.017398,           0.0071952,           0.0031065,            0.000799,            0.000799,            0.000799
                  69,            0.010481,           0.0021798,           0.0011441,             0.96063,             0.96704,              0.9752,              0.7573,            0.017492,           0.0071746,           0.0031476,            0.000796,            0.000796,            0.000796
                  70,            0.010403,            0.002207,           0.0011464,               0.964,             0.96253,             0.97427,             0.75201,            0.017549,           0.0071606,            0.003076,            0.000793,            0.000793,            0.000793
                  71,            0.010478,            0.002209,           0.0010925,             0.97682,             0.94758,             0.97299,             0.75552,            0.017501,           0.0072522,           0.0030446,             0.00079,             0.00079,             0.00079
                  72,            0.010502,           0.0023157,           0.0011421,             0.97159,              0.9594,             0.97337,             0.75428,            0.017343,           0.0071588,           0.0030674,            0.000787,            0.000787,            0.000787
                  73,            0.010364,           0.0022139,           0.0014503,             0.96905,             0.95634,             0.97213,             0.75356,            0.017347,           0.0072101,           0.0029686,            0.000784,            0.000784,            0.000784
                  74,             0.01016,            0.002224,           0.0011536,              0.9643,             0.95594,             0.96677,              0.7487,            0.017287,           0.0071838,           0.0033614,            0.000781,            0.000781,            0.000781
                  75,            0.010389,           0.0022266,           0.0011015,             0.96225,             0.96448,              0.9693,             0.75152,             0.01746,           0.0072457,           0.0032141,            0.000778,            0.000778,            0.000778
                  76,           0.0095868,           0.0020396,            0.001054,             0.95922,             0.95416,             0.96471,             0.74949,            0.017288,           0.0072707,           0.0034939,            0.000775,            0.000775,            0.000775
                  77,           0.0099719,           0.0020795,           0.0010773,             0.96122,              0.9551,             0.96605,             0.75033,            0.017251,            0.007274,           0.0035922,            0.000772,            0.000772,            0.000772
                  78,           0.0097211,           0.0022496,           0.0010729,             0.95976,             0.95752,             0.96739,              0.7524,            0.017361,           0.0073082,           0.0033874,            0.000769,            0.000769,            0.000769
                  79,           0.0098007,           0.0020842,           0.0010873,             0.96155,             0.95313,             0.96945,             0.75167,            0.017295,           0.0072785,           0.0031298,            0.000766,            0.000766,            0.000766
                  80,           0.0095607,           0.0020293,           0.0010478,             0.97191,              0.9439,             0.97638,             0.75605,            0.017284,           0.0073047,           0.0030931,            0.000763,            0.000763,            0.000763
                  81,           0.0096167,           0.0019946,           0.0010705,             0.97562,             0.94329,             0.97724,             0.76098,            0.017328,           0.0073152,            0.003176,             0.00076,             0.00076,             0.00076
                  82,           0.0099753,           0.0021683,           0.0010435,             0.96028,             0.95744,              0.9729,             0.75841,            0.017246,           0.0073057,           0.0031671,            0.000757,            0.000757,            0.000757
                  83,           0.0096009,           0.0020313,            0.001044,             0.95926,             0.95947,             0.97211,             0.75419,            0.017236,           0.0073323,           0.0032673,            0.000754,            0.000754,            0.000754
                  84,           0.0092806,            0.002029,           0.0009976,             0.96304,             0.95772,             0.97368,             0.75392,            0.017353,           0.0073655,           0.0031465,            0.000751,            0.000751,            0.000751
                  85,           0.0092047,            0.002008,           0.0010485,             0.96347,              0.9585,             0.97711,             0.75639,            0.017296,           0.0074182,           0.0030855,            0.000748,            0.000748,            0.000748
                  86,           0.0093665,           0.0020217,           0.0010177,             0.96301,             0.96164,             0.97591,             0.75425,            0.017342,           0.0074417,           0.0030857,            0.000745,            0.000745,            0.000745
                  87,           0.0092599,           0.0020815,           0.0010517,             0.96224,             0.96183,              0.9777,             0.75547,            0.017281,           0.0074797,           0.0032273,            0.000742,            0.000742,            0.000742
                  88,            0.009625,            0.002023,            0.001025,             0.95793,             0.95399,             0.97564,             0.75313,            0.017236,           0.0074668,           0.0032076,            0.000739,            0.000739,            0.000739
                  89,           0.0095723,           0.0020062,           0.0010161,             0.96612,             0.94809,             0.97199,             0.75575,            0.017144,           0.0074362,           0.0031209,            0.000736,            0.000736,            0.000736
                  90,            0.008978,           0.0019101,          0.00095675,             0.95616,             0.96118,             0.97309,             0.75259,            0.017203,           0.0074568,           0.0030066,            0.000733,            0.000733,            0.000733
                  91,           0.0089356,           0.0019713,          0.00099238,             0.95756,             0.96785,             0.97339,             0.75352,            0.017208,           0.0074639,           0.0029866,             0.00073,             0.00073,             0.00073
                  92,           0.0087317,           0.0019302,          0.00094323,             0.96284,             0.95441,             0.96844,             0.75294,            0.017202,           0.0074496,            0.002963,            0.000727,            0.000727,            0.000727
                  93,           0.0089442,           0.0019206,          0.00098415,             0.95846,             0.95689,             0.96808,             0.75471,            0.017168,           0.0074785,           0.0028868,            0.000724,            0.000724,            0.000724
                  94,           0.0089002,           0.0019345,           0.0010014,             0.95975,             0.95783,             0.96977,             0.75713,            0.017189,           0.0074986,            0.002877,            0.000721,            0.000721,            0.000721
                  95,           0.0089075,            0.002033,          0.00096505,             0.96625,             0.95093,             0.96883,             0.75378,            0.017172,           0.0074922,           0.0028504,            0.000718,            0.000718,            0.000718
                  96,           0.0087007,           0.0018885,          0.00093981,             0.96878,             0.95111,             0.97006,             0.75607,            0.017076,           0.0075148,           0.0029335,            0.000715,            0.000715,            0.000715
                  97,           0.0085216,           0.0018798,          0.00094461,             0.96407,             0.95296,             0.97077,             0.75959,            0.017084,           0.0075428,           0.0028953,            0.000712,            0.000712,            0.000712
                  98,           0.0086854,           0.0018529,          0.00094754,             0.96747,             0.95026,               0.975,             0.76144,            0.017008,           0.0075761,           0.0028535,            0.000709,            0.000709,            0.000709
                  99,           0.0086087,           0.0018884,          0.00091414,             0.96844,             0.95129,             0.97593,             0.76245,             0.01702,           0.0076213,           0.0027947,            0.000706,            0.000706,            0.000706
                 100,            0.008825,             0.00184,          0.00095307,             0.96391,             0.95436,             0.97014,             0.75875,            0.017077,           0.0076446,           0.0027721,            0.000703,            0.000703,            0.000703
                 101,           0.0085261,           0.0018387,          0.00098353,             0.96413,             0.95483,             0.96949,              0.7574,            0.017075,           0.0076813,           0.0027929,              0.0007,              0.0007,              0.0007
                 102,           0.0084517,           0.0018808,          0.00092544,             0.96669,             0.95359,             0.96897,             0.75797,            0.017107,           0.0076996,           0.0028274,            0.000697,            0.000697,            0.000697
                 103,           0.0085679,           0.0018816,           0.0009108,             0.96148,             0.95877,             0.97225,             0.75804,            0.017138,           0.0076748,           0.0028512,            0.000694,            0.000694,            0.000694
                 104,           0.0085113,           0.0018261,          0.00089562,             0.96246,             0.95659,             0.97086,             0.75773,            0.017159,            0.007696,           0.0028434,            0.000691,            0.000691,            0.000691
                 105,           0.0084072,           0.0018744,          0.00090623,             0.97037,             0.95071,             0.97069,             0.75556,            0.017161,           0.0076912,           0.0028691,            0.000688,            0.000688,            0.000688
                 106,           0.0083198,           0.0018717,          0.00090844,             0.97101,              0.9497,             0.96971,             0.75636,            0.017147,           0.0076971,           0.0030665,            0.000685,            0.000685,            0.000685
                 107,           0.0082583,           0.0018361,          0.00090135,             0.97297,             0.94729,             0.96967,             0.75494,            0.017146,           0.0076958,           0.0031573,            0.000682,            0.000682,            0.000682
                 108,           0.0079502,           0.0017491,          0.00086645,             0.97032,             0.94728,             0.97055,             0.75629,            0.017122,           0.0077073,           0.0031729,            0.000679,            0.000679,            0.000679
                 109,           0.0081913,           0.0018522,          0.00086808,             0.97003,             0.94942,             0.97112,             0.75599,            0.017086,           0.0077127,           0.0031804,            0.000676,            0.000676,            0.000676
                 110,           0.0078237,           0.0017222,          0.00084069,             0.96447,             0.95364,             0.97137,             0.75694,            0.017055,           0.0077154,           0.0031442,            0.000673,            0.000673,            0.000673
                 111,           0.0082347,           0.0017645,          0.00089505,             0.96316,             0.95501,             0.97101,             0.75519,            0.017041,           0.0077269,           0.0030941,             0.00067,             0.00067,             0.00067
                 112,           0.0079218,           0.0017341,          0.00088916,             0.96856,             0.95007,             0.97121,             0.75592,            0.017051,           0.0077515,           0.0030347,            0.000667,            0.000667,            0.000667
                 113,           0.0079499,           0.0017598,          0.00085526,             0.96746,             0.95121,             0.97134,             0.75564,            0.017048,           0.0077642,           0.0029622,            0.000664,            0.000664,            0.000664
                 114,           0.0080179,           0.0017188,          0.00085633,              0.9685,              0.9511,             0.97124,             0.75532,            0.017036,           0.0077781,           0.0029602,            0.000661,            0.000661,            0.000661
                 115,           0.0079003,           0.0017322,          0.00087608,             0.96929,             0.95048,              0.9714,             0.75491,            0.017036,           0.0078031,           0.0029258,            0.000658,            0.000658,            0.000658
                 116,           0.0078792,           0.0016569,           0.0008485,             0.96854,             0.95215,             0.97022,             0.75673,            0.017044,           0.0078129,            0.002865,            0.000655,            0.000655,            0.000655
                 117,            0.007911,            0.001723,           0.0008348,              0.9676,             0.95324,             0.97093,             0.75659,            0.017056,           0.0078215,           0.0027331,            0.000652,            0.000652,            0.000652
                 118,           0.0076611,           0.0017738,          0.00082821,             0.96522,             0.95633,             0.97203,             0.75738,            0.017055,           0.0078275,           0.0026648,            0.000649,            0.000649,            0.000649
                 119,           0.0076217,           0.0016563,          0.00085101,             0.96542,             0.95609,             0.97128,             0.75579,            0.017062,           0.0078466,           0.0026333,            0.000646,            0.000646,            0.000646
                 120,           0.0076898,           0.0017693,          0.00082852,             0.96492,             0.95739,             0.97112,             0.75593,             0.01706,           0.0078719,            0.002635,            0.000643,            0.000643,            0.000643
                 121,            0.007643,           0.0017272,          0.00078944,             0.96498,             0.95752,             0.97083,             0.75424,            0.017072,           0.0078881,           0.0026396,             0.00064,             0.00064,             0.00064
                 122,           0.0077664,           0.0016505,          0.00082247,             0.96607,             0.95639,             0.97125,             0.75564,            0.017082,            0.007908,            0.002648,            0.000637,            0.000637,            0.000637
                 123,           0.0074291,           0.0016592,          0.00081665,             0.96729,             0.95522,             0.97111,             0.75518,            0.017083,           0.0079189,           0.0026625,            0.000634,            0.000634,            0.000634
                 124,           0.0074889,           0.0016262,          0.00080108,             0.96557,             0.95631,             0.97135,             0.75479,            0.017079,           0.0079342,           0.0026953,            0.000631,            0.000631,            0.000631
                 125,           0.0071946,           0.0016315,          0.00077428,             0.96561,             0.95588,             0.97164,             0.75611,            0.017068,           0.0079389,           0.0027098,            0.000628,            0.000628,            0.000628
                 126,           0.0072132,           0.0016691,          0.00077453,             0.96467,             0.95757,             0.97219,             0.75655,            0.017061,           0.0079566,           0.0027182,            0.000625,            0.000625,            0.000625
                 127,           0.0074469,           0.0017378,          0.00078162,             0.96619,             0.95715,             0.97232,             0.75636,            0.017047,            0.007955,            0.002731,            0.000622,            0.000622,            0.000622
                 128,           0.0074757,           0.0016707,          0.00077635,             0.96696,             0.95682,             0.97218,             0.75678,            0.017048,           0.0079658,           0.0027574,            0.000619,            0.000619,            0.000619
                 129,           0.0073975,           0.0016764,          0.00078313,              0.9665,             0.95638,             0.97152,             0.75593,            0.017041,           0.0079858,           0.0027766,            0.000616,            0.000616,            0.000616
                 130,           0.0073494,           0.0016517,          0.00079256,             0.96637,             0.95601,             0.97123,             0.75654,            0.017041,            0.007998,           0.0027886,            0.000613,            0.000613,            0.000613
                 131,           0.0073207,           0.0016151,          0.00079498,              0.9633,             0.95943,             0.97096,             0.75717,            0.017034,           0.0080055,             0.00279,             0.00061,             0.00061,             0.00061
                 132,           0.0074999,           0.0016796,          0.00079566,             0.96356,              0.9599,              0.9707,             0.75715,            0.017028,           0.0080108,             0.00279,            0.000607,            0.000607,            0.000607
                 133,           0.0072143,           0.0016016,          0.00077292,             0.96416,             0.95973,             0.97085,             0.75667,            0.017026,           0.0080185,             0.00279,            0.000604,            0.000604,            0.000604
                 134,           0.0073531,           0.0016282,          0.00076632,             0.96365,             0.96008,             0.97051,             0.75641,            0.017023,           0.0080286,           0.0027868,            0.000601,            0.000601,            0.000601
                 135,           0.0070932,           0.0016125,          0.00079045,             0.97021,             0.95336,             0.97028,             0.75647,            0.017026,           0.0080435,           0.0027873,            0.000598,            0.000598,            0.000598
                 136,           0.0070394,           0.0015924,          0.00074266,             0.96993,             0.95375,             0.96997,             0.75587,            0.017031,           0.0080547,           0.0027912,            0.000595,            0.000595,            0.000595
                 137,           0.0069738,           0.0016338,          0.00073974,             0.96953,             0.95422,             0.97175,             0.75681,            0.017026,           0.0080609,           0.0027931,            0.000592,            0.000592,            0.000592
                 138,           0.0070442,           0.0015405,          0.00074853,             0.96981,             0.95404,             0.97144,             0.75702,            0.017026,           0.0080678,           0.0027991,            0.000589,            0.000589,            0.000589
                 139,           0.0070117,           0.0015741,          0.00076045,             0.96988,             0.95421,             0.97134,             0.75675,            0.017025,            0.008082,           0.0027982,            0.000586,            0.000586,            0.000586
                 140,            0.007019,           0.0015223,          0.00073991,              0.9705,             0.95434,             0.97115,              0.7568,            0.017024,           0.0080926,           0.0028046,            0.000583,            0.000583,            0.000583
                 141,           0.0071096,           0.0016114,          0.00072698,             0.96671,              0.9583,             0.97086,             0.75608,            0.017022,           0.0081009,           0.0028099,             0.00058,             0.00058,             0.00058
                 142,           0.0067319,           0.0015732,          0.00071816,             0.96723,             0.95881,             0.97089,             0.75496,            0.017023,           0.0081091,           0.0028132,            0.000577,            0.000577,            0.000577
                 143,            0.006913,           0.0015139,          0.00072551,             0.96701,             0.95898,               0.971,             0.75538,            0.017021,           0.0081189,           0.0028193,            0.000574,            0.000574,            0.000574
                 144,           0.0069169,           0.0015216,           0.0007412,             0.96735,             0.95857,             0.97095,             0.75597,            0.017018,            0.008124,           0.0028254,            0.000571,            0.000571,            0.000571
                 145,           0.0069355,           0.0015782,          0.00072826,             0.96677,             0.95966,             0.97108,             0.75622,            0.017019,            0.008129,           0.0028303,            0.000568,            0.000568,            0.000568
                 146,           0.0068747,           0.0016221,          0.00073834,             0.96938,             0.95484,             0.97081,             0.75649,            0.017019,           0.0081332,           0.0028359,            0.000565,            0.000565,            0.000565
                 147,           0.0067731,            0.001542,           0.0007162,             0.96899,             0.95483,             0.97074,             0.75645,            0.017016,           0.0081382,            0.002838,            0.000562,            0.000562,            0.000562
                 148,           0.0066435,           0.0015703,          0.00070311,             0.96855,             0.95488,             0.97071,             0.75632,            0.017015,           0.0081412,           0.0028418,            0.000559,            0.000559,            0.000559
                 149,           0.0069608,            0.001579,           0.0007311,             0.96835,             0.95528,             0.97075,             0.75678,            0.017011,            0.008147,           0.0028439,            0.000556,            0.000556,            0.000556
                 150,           0.0067069,            0.001503,          0.00073097,             0.97049,             0.95378,             0.97086,             0.75643,            0.017011,           0.0081544,           0.0028361,            0.000553,            0.000553,            0.000553
                 151,           0.0066739,           0.0015429,           0.0006834,             0.96877,             0.95631,             0.97075,             0.75653,            0.017008,           0.0081603,           0.0028309,             0.00055,             0.00055,             0.00055
                 152,           0.0066798,           0.0014931,           0.0006827,             0.96872,             0.95641,             0.97061,             0.75567,            0.017009,           0.0081683,           0.0028281,            0.000547,            0.000547,            0.000547
                 153,            0.006464,           0.0014797,          0.00069307,             0.97063,             0.95407,             0.97059,             0.75563,            0.017007,           0.0081727,           0.0028216,            0.000544,            0.000544,            0.000544
                 154,           0.0066432,           0.0014645,           0.0007035,             0.97072,             0.95397,             0.97034,             0.75597,            0.017005,           0.0081804,             0.00282,            0.000541,            0.000541,            0.000541
                 155,           0.0064161,           0.0015159,          0.00067138,             0.97083,             0.95363,             0.97025,             0.75645,            0.017009,           0.0081903,           0.0028192,            0.000538,            0.000538,            0.000538
                 156,           0.0065051,           0.0015199,          0.00068063,             0.97066,             0.95392,             0.97022,             0.75691,            0.017013,           0.0081987,           0.0028194,            0.000535,            0.000535,            0.000535
                 157,           0.0065954,           0.0014936,          0.00069139,             0.96801,             0.95633,             0.97025,             0.75685,            0.017015,           0.0082045,           0.0028171,            0.000532,            0.000532,            0.000532
                 158,           0.0062735,           0.0014723,          0.00067543,             0.97034,             0.95437,             0.97028,             0.75676,            0.017013,           0.0082122,           0.0028104,            0.000529,            0.000529,            0.000529
                 159,           0.0063464,            0.001486,           0.0006519,             0.96914,             0.95559,             0.97025,             0.75706,            0.017013,           0.0082168,           0.0028075,            0.000526,            0.000526,            0.000526
                 160,           0.0061493,           0.0014176,          0.00066773,             0.97066,             0.95378,             0.97006,             0.75704,            0.017015,           0.0082201,           0.0028036,            0.000523,            0.000523,            0.000523
                 161,           0.0062154,           0.0014165,          0.00064831,             0.97116,             0.95298,              0.9701,             0.75738,            0.017014,           0.0082264,           0.0028004,             0.00052,             0.00052,             0.00052
                 162,           0.0066596,           0.0014923,          0.00068065,             0.97136,              0.9528,             0.97015,             0.75786,             0.01701,           0.0082329,           0.0027957,            0.000517,            0.000517,            0.000517
                 163,            0.006285,           0.0015225,          0.00067439,             0.97152,             0.95268,             0.97007,             0.75718,            0.017009,           0.0082396,           0.0027927,            0.000514,            0.000514,            0.000514
                 164,           0.0061391,           0.0014323,          0.00062807,             0.97145,             0.95259,             0.97019,             0.75647,            0.017007,           0.0082469,           0.0027903,            0.000511,            0.000511,            0.000511
                 165,           0.0061996,           0.0013869,           0.0006646,             0.97148,             0.95258,              0.9702,             0.75667,            0.017004,           0.0082537,            0.002788,            0.000508,            0.000508,            0.000508
                 166,           0.0061779,           0.0014697,          0.00065083,             0.97111,             0.95277,             0.97031,             0.75669,            0.017006,           0.0082612,           0.0027866,            0.000505,            0.000505,            0.000505
                 167,           0.0060981,           0.0013466,          0.00064862,             0.97139,             0.95239,             0.97022,             0.75645,            0.017007,           0.0082695,           0.0027845,            0.000502,            0.000502,            0.000502
                 168,           0.0062368,           0.0014946,          0.00062969,             0.97113,              0.9526,             0.97031,             0.75725,            0.017009,           0.0082753,           0.0027843,            0.000499,            0.000499,            0.000499
                 169,           0.0061565,           0.0014122,          0.00062408,             0.97095,              0.9527,             0.97043,             0.75731,            0.017009,           0.0082816,           0.0027828,            0.000496,            0.000496,            0.000496
                 170,           0.0061866,           0.0014028,          0.00063191,             0.97044,             0.95305,              0.9703,             0.75713,            0.017009,           0.0082898,           0.0027812,            0.000493,            0.000493,            0.000493
                 171,           0.0060237,           0.0014144,          0.00064093,             0.97006,             0.95326,             0.97031,             0.75714,            0.017007,           0.0082971,           0.0027815,             0.00049,             0.00049,             0.00049
                 172,           0.0061821,           0.0014327,          0.00062711,              0.9699,             0.95337,             0.97033,             0.75702,            0.017006,           0.0083047,           0.0027785,            0.000487,            0.000487,            0.000487
                 173,           0.0061236,           0.0013888,          0.00062216,             0.96981,             0.95336,             0.97032,             0.75644,            0.017005,           0.0083097,           0.0027765,            0.000484,            0.000484,            0.000484
                 174,           0.0059917,           0.0014594,          0.00063864,             0.96541,             0.95838,             0.97028,             0.75656,            0.017002,           0.0083157,           0.0027747,            0.000481,            0.000481,            0.000481
                 175,           0.0059709,           0.0013775,           0.0006165,             0.96543,             0.95842,             0.97022,             0.75536,            0.017002,           0.0083228,           0.0027771,            0.000478,            0.000478,            0.000478
                 176,           0.0061429,           0.0013267,          0.00059711,             0.96527,             0.95866,             0.97017,             0.75558,            0.017001,           0.0083291,           0.0027768,            0.000475,            0.000475,            0.000475
                 177,           0.0058583,           0.0013846,          0.00058866,             0.96653,             0.95768,             0.97025,             0.75511,            0.017002,           0.0083377,            0.002776,            0.000472,            0.000472,            0.000472
                 178,           0.0059174,           0.0013683,          0.00061026,             0.96662,             0.95769,             0.97028,             0.75655,            0.017002,           0.0083455,           0.0027738,            0.000469,            0.000469,            0.000469
                 179,           0.0057264,           0.0012991,          0.00059994,             0.96663,             0.95766,             0.97033,             0.75628,            0.017003,           0.0083535,           0.0027733,            0.000466,            0.000466,            0.000466
                 180,            0.005743,           0.0014008,          0.00058767,             0.96661,             0.95759,             0.97035,             0.75511,            0.017005,           0.0083605,           0.0027728,            0.000463,            0.000463,            0.000463
                 181,           0.0060234,           0.0014256,          0.00064148,             0.96607,             0.95861,             0.97037,             0.75621,            0.017006,           0.0083687,           0.0027703,             0.00046,             0.00046,             0.00046
                 182,           0.0061308,           0.0014481,          0.00060853,              0.9671,             0.95829,             0.97049,             0.75632,            0.017005,           0.0083747,           0.0027671,            0.000457,            0.000457,            0.000457
                 183,           0.0058091,           0.0014737,          0.00058001,             0.96697,             0.95886,             0.97055,             0.75596,            0.017004,           0.0083813,           0.0027604,            0.000454,            0.000454,            0.000454
                 184,           0.0057781,           0.0013475,          0.00058393,             0.96711,             0.95802,             0.97059,             0.75651,            0.017004,           0.0083877,           0.0027561,            0.000451,            0.000451,            0.000451
                 185,           0.0054983,            0.001327,          0.00055535,             0.96715,             0.95814,             0.97065,             0.75701,            0.017004,           0.0083931,           0.0027513,            0.000448,            0.000448,            0.000448
                 186,           0.0056032,           0.0012924,          0.00057251,             0.96728,             0.95838,             0.97075,             0.75649,            0.017005,           0.0084005,           0.0027471,            0.000445,            0.000445,            0.000445
                 187,           0.0056834,           0.0013719,          0.00057629,             0.96734,             0.95848,             0.97072,               0.757,            0.017005,           0.0084075,           0.0027444,            0.000442,            0.000442,            0.000442
                 188,           0.0056232,           0.0012927,          0.00057552,             0.96735,             0.95861,             0.97079,             0.75688,            0.017006,           0.0084139,           0.0027416,            0.000439,            0.000439,            0.000439
                 189,           0.0053746,           0.0013454,          0.00054997,             0.96731,             0.95861,              0.9708,             0.75677,            0.017006,            0.008421,           0.0027396,            0.000436,            0.000436,            0.000436
                 190,           0.0055203,           0.0013231,          0.00056226,             0.96726,             0.95867,             0.97079,             0.75536,            0.017007,           0.0084275,           0.0027382,            0.000433,            0.000433,            0.000433
                 191,           0.0055441,           0.0012959,           0.0005621,             0.96728,             0.95874,              0.9709,             0.75566,            0.017008,           0.0084343,           0.0027368,             0.00043,             0.00043,             0.00043
                 192,           0.0056915,           0.0013192,          0.00056142,             0.96746,             0.95866,               0.971,             0.75542,            0.017007,           0.0084418,           0.0027341,            0.000427,            0.000427,            0.000427
                 193,           0.0053735,           0.0013039,          0.00052744,             0.96725,             0.95882,             0.97097,             0.75588,            0.017006,           0.0084484,           0.0027328,            0.000424,            0.000424,            0.000424
                 194,           0.0053887,           0.0012858,          0.00053984,             0.96698,             0.95886,             0.97087,             0.75539,            0.017007,           0.0084545,           0.0027334,            0.000421,            0.000421,            0.000421
                 195,           0.0055856,           0.0012803,          0.00054806,             0.96678,              0.9591,              0.9709,             0.75539,            0.017005,           0.0084619,            0.002732,            0.000418,            0.000418,            0.000418
                 196,            0.005429,           0.0012695,          0.00053854,             0.96688,             0.95904,             0.97101,             0.75557,            0.017007,           0.0084696,           0.0027316,            0.000415,            0.000415,            0.000415
                 197,           0.0055055,           0.0012688,          0.00055831,             0.96696,              0.9589,             0.97125,             0.75556,            0.017008,           0.0084768,           0.0027346,            0.000412,            0.000412,            0.000412
                 198,           0.0054187,           0.0013172,          0.00052854,             0.96695,             0.95877,             0.97138,             0.75606,            0.017009,           0.0084844,            0.002735,            0.000409,            0.000409,            0.000409
                 199,           0.0055056,           0.0013578,          0.00052787,             0.96643,             0.95968,             0.97139,             0.75537,             0.01701,           0.0084909,           0.0027356,            0.000406,            0.000406,            0.000406
                 200,           0.0054952,           0.0012525,          0.00061842,             0.96645,             0.95966,             0.97157,             0.75582,             0.01701,           0.0084989,           0.0027353,            0.000403,            0.000403,            0.000403
                 201,           0.0052971,           0.0012136,          0.00052655,             0.96646,             0.95964,              0.9716,             0.75634,            0.017009,           0.0085058,           0.0027335,              0.0004,              0.0004,              0.0004
                 202,           0.0051925,           0.0012723,          0.00050791,             0.96653,             0.95957,             0.97158,             0.75575,            0.017009,           0.0085124,           0.0027337,            0.000397,            0.000397,            0.000397
                 203,           0.0052405,           0.0012315,          0.00051024,              0.9666,             0.95957,             0.97156,             0.75586,            0.017009,           0.0085187,           0.0027316,            0.000394,            0.000394,            0.000394
                 204,           0.0052795,           0.0011881,          0.00052625,             0.96675,             0.95948,             0.97154,             0.75579,            0.017008,           0.0085258,           0.0027297,            0.000391,            0.000391,            0.000391
                 205,           0.0051364,           0.0012519,          0.00050919,             0.96684,             0.95943,             0.97154,             0.75661,            0.017008,           0.0085334,           0.0027274,            0.000388,            0.000388,            0.000388
                 206,           0.0052959,           0.0012444,          0.00051304,             0.96689,             0.95943,             0.97154,             0.75698,            0.017007,           0.0085405,           0.0027252,            0.000385,            0.000385,            0.000385
                 207,            0.005046,           0.0012454,          0.00051385,             0.96692,             0.95943,             0.97153,             0.75716,            0.017007,           0.0085487,           0.0027235,            0.000382,            0.000382,            0.000382
                 208,            0.005045,           0.0012168,          0.00048755,             0.96704,             0.95941,             0.97157,             0.75698,            0.017008,           0.0085575,            0.002721,            0.000379,            0.000379,            0.000379
                 209,           0.0052742,           0.0012647,          0.00049428,             0.96723,              0.9593,             0.97164,             0.75727,            0.017007,            0.008566,           0.0027187,            0.000376,            0.000376,            0.000376
                 210,           0.0048712,           0.0012271,           0.0004744,             0.96732,             0.95926,              0.9718,              0.7567,            0.017006,           0.0085738,           0.0027171,            0.000373,            0.000373,            0.000373
                 211,           0.0050517,           0.0012556,          0.00048803,             0.96746,             0.95916,             0.97182,             0.75665,            0.017005,           0.0085808,           0.0027165,             0.00037,             0.00037,             0.00037
                 212,           0.0050179,           0.0012831,          0.00047603,             0.96754,              0.9591,             0.97171,             0.75663,            0.017004,           0.0085889,           0.0027142,            0.000367,            0.000367,            0.000367
                 213,            0.004818,           0.0012096,          0.00046668,             0.96758,              0.9591,             0.97171,             0.75663,            0.017003,           0.0085972,           0.0027122,            0.000364,            0.000364,            0.000364
                 214,           0.0050219,           0.0012209,          0.00048462,              0.9676,             0.95906,             0.97159,              0.7563,            0.017002,            0.008604,           0.0027091,            0.000361,            0.000361,            0.000361
                 215,           0.0049074,           0.0012112,          0.00045925,             0.96755,             0.95907,             0.97167,             0.75613,            0.017001,           0.0086125,            0.002709,            0.000358,            0.000358,            0.000358
                 216,           0.0049907,           0.0012043,          0.00047982,             0.96758,             0.95894,             0.97164,             0.75591,               0.017,           0.0086203,           0.0027054,            0.000355,            0.000355,            0.000355
                 217,           0.0049456,           0.0011661,          0.00046934,             0.96751,             0.95895,               0.972,             0.75731,            0.016999,           0.0086297,           0.0027025,            0.000352,            0.000352,            0.000352
                 218,           0.0049137,           0.0011873,          0.00046384,             0.96753,             0.95886,             0.97202,             0.75672,               0.017,           0.0086362,           0.0027008,            0.000349,            0.000349,            0.000349
                 219,           0.0048427,           0.0011705,          0.00044969,             0.96753,             0.95881,             0.97224,             0.75674,            0.016999,           0.0086444,           0.0026999,            0.000346,            0.000346,            0.000346
                 220,            0.004614,           0.0011887,          0.00042903,              0.9676,             0.95879,             0.97237,             0.75679,            0.016999,            0.008653,           0.0026984,            0.000343,            0.000343,            0.000343
                 221,            0.004801,            0.001143,           0.0004575,             0.96753,             0.95884,             0.97209,             0.75588,            0.016997,           0.0086624,           0.0026956,             0.00034,             0.00034,             0.00034
                 222,           0.0048607,           0.0012272,          0.00044978,             0.96749,             0.95886,             0.97208,              0.7559,            0.016998,           0.0086716,           0.0026941,            0.000337,            0.000337,            0.000337
                 223,           0.0048472,           0.0011644,          0.00044743,             0.96752,             0.95887,             0.97228,             0.75706,            0.016997,           0.0086795,           0.0026918,            0.000334,            0.000334,            0.000334
                 224,           0.0046548,           0.0011825,           0.0004906,               0.964,             0.96393,             0.97283,             0.75747,            0.016997,            0.008687,           0.0026901,            0.000331,            0.000331,            0.000331
                 225,           0.0047987,           0.0011148,          0.00044536,             0.96555,             0.96242,             0.97283,             0.75696,            0.016997,           0.0086953,           0.0026904,            0.000328,            0.000328,            0.000328
                 226,           0.0046421,           0.0011933,          0.00043902,             0.96555,             0.96238,             0.97276,             0.75766,            0.016998,           0.0087053,           0.0026881,            0.000325,            0.000325,            0.000325
                 227,           0.0047338,           0.0011715,          0.00044946,             0.96306,             0.96452,              0.9727,             0.75774,            0.016997,           0.0087132,           0.0026866,            0.000322,            0.000322,            0.000322
                 228,           0.0046402,           0.0011769,          0.00043342,             0.96301,             0.96465,             0.97278,             0.75768,            0.016998,           0.0087205,           0.0026853,            0.000319,            0.000319,            0.000319
                 229,           0.0046373,            0.001134,          0.00042043,              0.9631,             0.96453,             0.97284,             0.75738,            0.016997,             0.00873,           0.0026828,            0.000316,            0.000316,            0.000316
                 230,           0.0044396,           0.0011445,          0.00041596,              0.9663,             0.96176,             0.97287,             0.75719,            0.016997,           0.0087395,           0.0026787,            0.000313,            0.000313,            0.000313
                 231,           0.0043646,           0.0011136,           0.0004159,             0.96639,             0.96165,             0.97289,             0.75758,            0.016998,           0.0087492,            0.002679,             0.00031,             0.00031,             0.00031
                 232,           0.0043224,           0.0010881,          0.00041372,              0.9666,             0.96148,             0.97298,             0.75806,            0.016997,            0.008758,           0.0026776,            0.000307,            0.000307,            0.000307
                 233,            0.004486,            0.001112,           0.0004083,             0.96315,             0.96468,             0.97299,             0.75803,            0.016997,           0.0087657,           0.0026745,            0.000304,            0.000304,            0.000304
                 234,           0.0044068,           0.0011073,          0.00039929,             0.96651,             0.96161,             0.97306,             0.75826,            0.016998,           0.0087749,           0.0026722,            0.000301,            0.000301,            0.000301
                 235,           0.0044839,           0.0011246,          0.00042807,             0.96674,             0.96141,             0.97324,              0.7587,            0.016998,            0.008783,             0.00267,            0.000298,            0.000298,            0.000298
                 236,            0.004489,           0.0011604,          0.00039701,             0.96669,             0.96151,             0.97331,             0.75826,            0.016998,           0.0087925,           0.0026679,            0.000295,            0.000295,            0.000295
                 237,           0.0044343,           0.0010281,          0.00041104,             0.96661,             0.96155,             0.97322,             0.75823,            0.016998,           0.0088021,           0.0026654,            0.000292,            0.000292,            0.000292
                 238,           0.0042851,            0.001105,          0.00039084,             0.96819,             0.96005,             0.97316,             0.75794,            0.016999,           0.0088139,           0.0026635,            0.000289,            0.000289,            0.000289
                 239,           0.0044583,           0.0010912,          0.00038085,              0.9682,             0.96007,             0.97324,             0.75834,            0.016998,            0.008824,           0.0026608,            0.000286,            0.000286,            0.000286
                 240,           0.0043508,           0.0010603,          0.00039263,             0.96826,             0.96006,             0.97332,             0.75841,            0.016999,           0.0088344,            0.002658,            0.000283,            0.000283,            0.000283
                 241,           0.0041981,           0.0010681,             0.00039,             0.96826,             0.96003,             0.97332,             0.75848,               0.017,           0.0088439,           0.0026556,             0.00028,             0.00028,             0.00028
                 242,           0.0042808,           0.0010724,          0.00038006,             0.96831,             0.95999,             0.97323,              0.7585,            0.017001,           0.0088552,           0.0026547,            0.000277,            0.000277,            0.000277
                 243,            0.004256,           0.0010836,          0.00038857,              0.9684,             0.95997,             0.97331,             0.75878,            0.017001,           0.0088652,           0.0026527,            0.000274,            0.000274,            0.000274
                 244,            0.004168,           0.0010576,          0.00037077,             0.96852,             0.95996,             0.97323,             0.75872,            0.017001,           0.0088744,           0.0026522,            0.000271,            0.000271,            0.000271
                 245,           0.0041417,           0.0011129,           0.0003665,             0.96858,             0.95988,             0.97304,             0.75855,            0.017002,           0.0088842,           0.0026475,            0.000268,            0.000268,            0.000268
                 246,           0.0040899,           0.0010705,          0.00036273,             0.96863,             0.95984,             0.97334,             0.75896,            0.017002,           0.0088923,           0.0026431,            0.000265,            0.000265,            0.000265
                 247,           0.0041812,           0.0011035,          0.00036798,              0.9687,             0.95981,             0.97323,             0.75866,            0.017002,           0.0089032,           0.0026404,            0.000262,            0.000262,            0.000262
                 248,           0.0040733,           0.0010705,          0.00035901,             0.96879,             0.95975,              0.9732,             0.75881,            0.017003,           0.0089122,           0.0026388,            0.000259,            0.000259,            0.000259
                 249,           0.0040586,           0.0010653,          0.00034876,             0.96885,              0.9598,               0.973,              0.7587,            0.017003,            0.008922,           0.0026371,            0.000256,            0.000256,            0.000256
                 250,           0.0041809,           0.0010377,          0.00037098,             0.96897,             0.95975,             0.97315,             0.75859,            0.017004,           0.0089314,           0.0026369,            0.000253,            0.000253,            0.000253
                 251,           0.0041799,           0.0011255,          0.00037182,             0.97063,             0.95683,             0.97015,             0.75795,            0.017006,           0.0089427,           0.0026365,             0.00025,             0.00025,             0.00025
                 252,           0.0041237,           0.0010545,          0.00036962,             0.97072,             0.95667,             0.96996,             0.75805,            0.017006,           0.0089535,           0.0026351,            0.000247,            0.000247,            0.000247
                 253,           0.0041208,           0.0010184,          0.00034335,             0.97075,              0.9567,             0.97016,             0.75804,            0.017008,           0.0089638,           0.0026332,            0.000244,            0.000244,            0.000244
                 254,           0.0039739,           0.0010701,          0.00033675,             0.97081,             0.95697,             0.97018,             0.75789,            0.017007,           0.0089751,           0.0026293,            0.000241,            0.000241,            0.000241
                 255,           0.0039753,           0.0010478,          0.00033288,             0.97089,              0.9568,             0.97003,             0.75786,            0.017007,           0.0089864,           0.0026272,            0.000238,            0.000238,            0.000238
                 256,           0.0038893,           0.0010326,          0.00033017,             0.96281,              0.9654,             0.97329,             0.75813,            0.017006,           0.0089971,           0.0026243,            0.000235,            0.000235,            0.000235
                 257,             0.00397,           0.0010657,          0.00032479,             0.96281,             0.96544,             0.97326,             0.75802,            0.017008,            0.009009,           0.0026223,            0.000232,            0.000232,            0.000232
                 258,           0.0038892,          0.00098738,          0.00032281,              0.9629,             0.96536,              0.9733,             0.75801,            0.017008,           0.0090202,           0.0026229,            0.000229,            0.000229,            0.000229
                 259,           0.0039634,           0.0010197,          0.00033943,             0.97157,             0.95682,             0.97019,             0.75782,            0.017009,           0.0090333,           0.0026207,            0.000226,            0.000226,            0.000226
                 260,           0.0040187,           0.0010563,          0.00032558,             0.97158,             0.95683,             0.97019,             0.75746,             0.01701,           0.0090439,           0.0026204,            0.000223,            0.000223,            0.000223
                 261,           0.0038167,          0.00098435,          0.00031517,             0.97159,              0.9568,             0.97017,              0.7576,             0.01701,           0.0090566,           0.0026171,             0.00022,             0.00022,             0.00022
                 262,           0.0040825,            0.001059,          0.00032071,             0.97155,             0.95686,             0.97016,             0.75775,             0.01701,           0.0090677,           0.0026154,            0.000217,            0.000217,            0.000217
                 263,           0.0037906,          0.00098361,          0.00032046,             0.97158,             0.95692,             0.97023,             0.75785,             0.01701,           0.0090798,           0.0026115,            0.000214,            0.000214,            0.000214
                 264,           0.0038068,           0.0010159,           0.0003167,             0.97106,             0.95717,             0.97017,              0.7579,            0.017011,           0.0090901,           0.0026111,            0.000211,            0.000211,            0.000211
                 265,           0.0036938,           0.0010166,          0.00030098,              0.9708,             0.95729,             0.97013,             0.75808,            0.017011,           0.0091023,           0.0026102,            0.000208,            0.000208,            0.000208
                 266,           0.0036287,          0.00097558,          0.00029626,             0.97016,             0.95761,             0.97016,             0.75827,            0.017011,            0.009114,           0.0026089,            0.000205,            0.000205,            0.000205
                 267,           0.0037431,          0.00094696,          0.00029552,                0.97,             0.95759,             0.97018,             0.75784,            0.017012,           0.0091263,           0.0026061,            0.000202,            0.000202,            0.000202
                 268,           0.0036929,          0.00093148,          0.00029075,             0.96919,             0.95759,             0.97019,             0.75788,            0.017012,           0.0091381,            0.002604,            0.000199,            0.000199,            0.000199
                 269,             0.00365,          0.00094232,           0.0002859,             0.96888,             0.95976,             0.97324,             0.75817,            0.017012,           0.0091479,            0.002605,            0.000196,            0.000196,            0.000196
                 270,           0.0034809,           0.0009671,          0.00027759,             0.96851,              0.9602,             0.97324,             0.75806,            0.017013,           0.0091612,           0.0026047,            0.000193,            0.000193,            0.000193
                 271,           0.0033772,          0.00089776,          0.00027963,             0.96855,             0.96019,             0.97327,             0.75886,            0.017013,           0.0091733,           0.0026062,             0.00019,             0.00019,             0.00019
                 272,           0.0034563,          0.00091743,          0.00026815,             0.96861,             0.96016,             0.97321,             0.75865,            0.017014,           0.0091853,           0.0026074,            0.000187,            0.000187,            0.000187
                 273,           0.0034921,          0.00097295,          0.00026656,             0.96912,              0.9588,             0.97021,             0.75839,            0.017015,           0.0091997,           0.0026047,            0.000184,            0.000184,            0.000184
                 274,           0.0034563,          0.00098521,          0.00026956,             0.96927,              0.9588,             0.97015,             0.75868,            0.017016,           0.0092139,           0.0026022,            0.000181,            0.000181,            0.000181
                 275,           0.0035141,          0.00096282,            0.000271,             0.96933,              0.9588,             0.97015,             0.75892,            0.017016,           0.0092272,           0.0026009,            0.000178,            0.000178,            0.000178
                 276,           0.0033698,           0.0009177,          0.00026571,             0.96929,             0.95884,             0.97022,             0.75908,            0.017017,           0.0092405,           0.0026005,            0.000175,            0.000175,            0.000175
                 277,           0.0034666,          0.00094046,          0.00025931,             0.96942,             0.95882,             0.97016,             0.75877,            0.017017,            0.009253,           0.0026004,            0.000172,            0.000172,            0.000172
                 278,           0.0033326,          0.00094518,          0.00025308,              0.9691,             0.95991,             0.97328,             0.75924,            0.017018,           0.0092678,            0.002598,            0.000169,            0.000169,            0.000169
                 279,           0.0033536,          0.00089339,          0.00025514,             0.96911,              0.9599,             0.97323,             0.75897,            0.017017,           0.0092819,           0.0025979,            0.000166,            0.000166,            0.000166
                 280,           0.0032555,          0.00090871,          0.00023815,              0.9691,              0.9599,             0.97331,             0.75926,            0.017018,           0.0092947,           0.0025976,            0.000163,            0.000163,            0.000163
                 281,           0.0034125,          0.00098891,          0.00023721,             0.96909,             0.95986,             0.97331,             0.75897,             0.01702,           0.0093091,           0.0025971,             0.00016,             0.00016,             0.00016
                 282,            0.003205,          0.00095442,          0.00023271,               0.969,             0.95988,             0.97325,             0.75876,            0.017019,           0.0093226,            0.002595,            0.000157,            0.000157,            0.000157
                 283,           0.0032039,           0.0009192,          0.00023299,             0.96899,             0.95985,             0.97328,             0.75903,            0.017019,           0.0093354,           0.0025939,            0.000154,            0.000154,            0.000154
                 284,           0.0032706,          0.00096019,          0.00025318,             0.96897,             0.95982,              0.9732,              0.7588,             0.01702,           0.0093509,           0.0025929,            0.000151,            0.000151,            0.000151
                 285,           0.0031279,          0.00092059,          0.00022669,             0.96897,             0.95977,             0.97323,              0.7585,             0.01702,           0.0093642,           0.0025909,            0.000148,            0.000148,            0.000148
                 286,           0.0031471,          0.00090459,          0.00022321,             0.97144,             0.95626,             0.97021,             0.75866,            0.017021,            0.009378,           0.0025901,            0.000145,            0.000145,            0.000145
                 287,           0.0031235,          0.00087226,          0.00022649,             0.96889,             0.95982,             0.97312,             0.75886,            0.017021,           0.0093926,             0.00259,            0.000142,            0.000142,            0.000142
                 288,           0.0030541,          0.00086724,          0.00021866,             0.96893,             0.95976,             0.97299,             0.75876,            0.017021,           0.0094063,           0.0025884,            0.000139,            0.000139,            0.000139
                 289,           0.0032116,          0.00089529,          0.00021963,             0.96884,             0.95978,             0.97299,             0.75875,            0.017021,           0.0094207,           0.0025856,            0.000136,            0.000136,            0.000136
                 290,            0.002949,          0.00086497,          0.00020798,             0.96875,             0.95984,             0.97298,             0.75844,            0.017021,            0.009435,           0.0025825,            0.000133,            0.000133,            0.000133
                 291,           0.0030259,          0.00088049,           0.0002146,             0.96872,             0.95985,             0.97294,             0.75844,            0.017023,           0.0094497,           0.0025795,             0.00013,             0.00013,             0.00013
                 292,           0.0029616,          0.00080353,          0.00020364,             0.96867,              0.9599,             0.97304,             0.75828,            0.017022,           0.0094662,           0.0025757,            0.000127,            0.000127,            0.000127
                 293,           0.0030168,          0.00080447,          0.00020427,             0.96867,             0.95994,             0.97314,             0.75898,            0.017022,           0.0094827,           0.0025734,            0.000124,            0.000124,            0.000124
                 294,           0.0029922,          0.00088345,          0.00019936,             0.96865,             0.95998,               0.973,             0.75895,            0.017023,           0.0094984,           0.0025738,            0.000121,            0.000121,            0.000121
                 295,           0.0029723,          0.00092846,          0.00020169,             0.96868,             0.95998,             0.97303,             0.75876,            0.017024,           0.0095138,           0.0025738,            0.000118,            0.000118,            0.000118
                 296,           0.0030192,          0.00092405,          0.00020205,             0.96865,             0.96001,             0.97314,             0.75936,            0.017025,           0.0095286,           0.0025713,            0.000115,            0.000115,            0.000115
                 297,           0.0027726,          0.00076591,          0.00018548,              0.9686,             0.96001,             0.97294,             0.75924,            0.017026,           0.0095438,           0.0025708,            0.000112,            0.000112,            0.000112
                 298,           0.0028109,           0.0008199,          0.00018458,             0.96857,             0.96001,             0.97306,             0.75974,            0.017027,           0.0095596,           0.0025669,            0.000109,            0.000109,            0.000109
                 299,           0.0028801,          0.00085336,          0.00017762,             0.96853,             0.96007,             0.97315,             0.75937,            0.017027,           0.0095752,           0.0025654,            0.000106,            0.000106,            0.000106
